Date, Real_GDP , Unemployment_Rate , Nonfarm_Payrolls , CPI_All_Items , PCE_Price_Index , Industrial_Production , Retail_Sales , Revolving_Consumer_Credit , Housing_Starts , Fed_Funds_Rate , Treasury_10Y_Yield , Job_Openings_JOLTS 
1/31/1990," 10,047.39 ", 5.40 ," 109,196.00 ", 127.50 , 58.55 , 61.64 ,," 213,647.44 "," 1,551.00 ", 8.23 , 8.43 ,
2/28/1990," 10,047.39 ", 5.30 ," 109,436.00 ", 128.00 , 58.81 , 62.20 ,," 216,504.57 "," 1,437.00 ", 8.24 , 8.51 ,
3/31/1990," 10,047.39 ", 5.20 ," 109,640.00 ", 128.60 , 59.03 , 62.49 ,," 217,589.37 "," 1,289.00 ", 8.28 , 8.65 ,
4/30/1990," 10,083.86 ", 5.40 ," 109,674.00 ", 128.90 , 59.16 , 62.35 ,," 219,769.62 "," 1,248.00 ", 8.26 , 9.04 ,
5/31/1990," 10,083.86 ", 5.40 ," 109,828.00 ", 129.10 , 59.29 , 62.54 ,," 223,276.19 "," 1,212.00 ", 8.18 , 8.60 ,
6/30/1990," 10,083.86 ", 5.20 ," 109,850.00 ", 129.90 , 59.55 , 62.75 ,," 225,664.82 "," 1,177.00 ", 8.29 , 8.43 ,
7/31/1990," 10,090.57 ", 5.50 ," 109,815.00 ", 130.50 , 59.70 , 62.64 ,," 229,586.26 "," 1,171.00 ", 8.15 , 8.36 ,
8/31/1990," 10,090.57 ", 5.70 ," 109,606.00 ", 131.60 , 60.10 , 62.87 ,," 232,414.91 "," 1,115.00 ", 8.13 , 8.86 ,
9/30/1990," 10,090.57 ", 5.90 ," 109,523.00 ", 132.50 , 60.47 , 62.88 ,," 234,725.03 "," 1,110.00 ", 8.20 , 8.82 ,
10/31/1990," 9,998.70 ", 5.90 ," 109,377.00 ", 133.40 , 60.81 , 62.50 ,," 236,170.64 "," 1,014.00 ", 8.11 , 8.65 ,
11/30/1990," 9,998.70 ", 6.20 ," 109,222.00 ", 133.70 , 60.89 , 61.72 ,," 239,294.12 "," 1,145.00 ", 7.81 , 8.26 ,
12/31/1990," 9,998.70 ", 6.30 ," 109,168.00 ", 134.20 , 60.95 , 61.29 ,," 238,642.62 ", 969.00 , 7.31 , 8.08 ,
1/31/1991," 9,951.92 ", 6.40 ," 109,058.00 ", 134.70 , 61.18 , 61.08 ,," 238,714.84 ", 798.00 , 6.91 , 8.03 ,
2/28/1991," 9,951.92 ", 6.60 ," 108,735.00 ", 134.80 , 61.21 , 60.64 ,," 242,288.12 ", 965.00 , 6.25 , 8.02 ,
3/31/1991," 9,951.92 ", 6.80 ," 108,568.00 ", 134.80 , 61.22 , 60.30 ,," 246,840.76 ", 921.00 , 6.12 , 8.05 ,
4/30/1991," 10,029.51 ", 6.70 ," 108,350.00 ", 135.10 , 61.33 , 60.45 ,," 248,743.89 "," 1,001.00 ", 5.91 , 8.02 ,
5/31/1991," 10,029.51 ", 6.90 ," 108,253.00 ", 135.60 , 61.59 , 61.06 ,," 250,931.03 ", 996.00 , 5.78 , 8.06 ,
6/30/1991," 10,029.51 ", 6.90 ," 108,330.00 ", 136.00 , 61.69 , 61.55 ,," 252,246.44 "," 1,036.00 ", 5.90 , 8.24 ,
7/31/1991," 10,080.20 ", 6.80 ," 108,290.00 ", 136.20 , 61.79 , 61.72 ,," 253,720.26 "," 1,063.00 ", 5.82 , 8.20 ,
8/31/1991," 10,080.20 ", 6.90 ," 108,299.00 ", 136.60 , 61.93 , 61.73 ,," 255,892.74 "," 1,049.00 ", 5.66 , 7.82 ,
9/30/1991," 10,080.20 ", 6.90 ," 108,335.00 ", 137.00 , 62.14 , 62.24 ,," 258,812.22 "," 1,015.00 ", 5.45 , 7.47 ,
10/31/1991," 10,115.33 ", 7.00 ," 108,361.00 ", 137.20 , 62.26 , 62.17 ,," 261,348.24 "," 1,079.00 ", 5.21 , 7.47 ,
11/30/1991," 10,115.33 ", 7.00 ," 108,300.00 ", 137.80 , 62.40 , 62.09 ,," 262,777.28 "," 1,103.00 ", 4.81 , 7.38 ,
12/31/1991," 10,115.33 ", 7.30 ," 108,330.00 ", 138.20 , 62.55 , 61.81 ,," 263,768.55 "," 1,079.00 ", 4.43 , 6.71 ,
1/31/1992," 10,236.44 ", 7.30 ," 108,365.00 ", 138.30 , 62.64 , 61.48 ," 159,177.00 "," 265,386.49 "," 1,176.00 ", 4.03 , 7.31 ,
2/29/1992," 10,236.44 ", 7.40 ," 108,313.00 ", 138.60 , 62.80 , 61.92 ," 159,189.00 "," 266,482.13 "," 1,250.00 ", 4.06 , 7.27 ,
3/31/1992," 10,236.44 ", 7.40 ," 108,367.00 ", 139.10 , 62.95 , 62.44 ," 158,647.00 "," 266,755.70 "," 1,297.00 ", 3.98 , 7.54 ,
4/30/1992," 10,347.43 ", 7.40 ," 108,517.00 ", 139.40 , 63.12 , 62.92 ," 159,921.00 "," 267,829.23 "," 1,099.00 ", 3.73 , 7.61 ,
5/31/1992," 10,347.43 ", 7.60 ," 108,647.00 ", 139.70 , 63.20 , 63.13 ," 160,471.00 "," 268,751.80 "," 1,214.00 ", 3.82 , 7.33 ,
6/30/1992," 10,347.43 ", 7.80 ," 108,707.00 ", 140.10 , 63.32 , 63.16 ," 161,205.00 "," 270,707.63 "," 1,145.00 ", 3.76 , 7.14 ,
7/31/1992," 10,449.67 ", 7.70 ," 108,792.00 ", 140.50 , 63.52 , 63.73 ," 162,855.00 "," 270,817.59 "," 1,139.00 ", 3.25 , 6.72 ,
8/31/1992," 10,449.67 ", 7.60 ," 108,916.00 ", 140.80 , 63.61 , 63.38 ," 162,412.00 "," 272,080.50 "," 1,226.00 ", 3.30 , 6.62 ,
9/30/1992," 10,449.67 ", 7.60 ," 108,952.00 ", 141.10 , 63.71 , 63.58 ," 164,361.00 "," 273,176.96 "," 1,186.00 ", 3.22 , 6.37 ,
10/31/1992," 10,558.65 ", 7.30 ," 109,138.00 ", 141.70 , 63.94 , 64.02 ," 166,063.00 "," 275,207.64 "," 1,244.00 ", 3.10 , 6.80 ,
11/30/1992," 10,558.65 ", 7.40 ," 109,283.00 ", 142.10 , 64.06 , 64.26 ," 166,124.00 "," 275,459.75 "," 1,214.00 ", 3.09 , 6.95 ,
12/31/1992," 10,558.65 ", 7.40 ," 109,502.00 ", 142.30 , 64.18 , 64.36 ," 167,691.00 "," 278,449.67 "," 1,227.00 ", 2.92 , 6.70 ,
1/31/1993," 10,576.28 ", 7.30 ," 109,790.00 ", 142.80 , 64.33 , 64.61 ," 169,500.00 "," 280,994.81 "," 1,210.00 ", 3.02 , 6.39 ,
2/28/1993," 10,576.28 ", 7.10 ," 110,048.00 ", 143.10 , 64.43 , 64.93 ," 168,840.00 "," 283,531.25 "," 1,210.00 ", 3.03 , 6.03 ,
3/31/1993," 10,576.28 ", 7.00 ," 110,004.00 ", 143.30 , 64.56 , 64.86 ," 167,682.00 "," 284,890.41 "," 1,083.00 ", 3.07 , 6.03 ,
4/30/1993," 10,637.85 ", 7.10 ," 110,300.00 ", 143.80 , 64.73 , 65.04 ," 172,102.00 "," 286,976.13 "," 1,258.00 ", 2.96 , 6.05 ,
5/31/1993," 10,637.85 ", 7.10 ," 110,571.00 ", 144.20 , 64.93 , 64.80 ," 172,960.00 "," 288,470.63 "," 1,260.00 ", 3.00 , 6.16 ,
6/30/1993," 10,637.85 ", 7.00 ," 110,742.00 ", 144.30 , 64.96 , 64.95 ," 173,018.00 "," 289,961.25 "," 1,280.00 ", 3.04 , 5.80 ,
7/31/1993," 10,688.61 ", 6.90 ," 111,054.00 ", 144.50 , 65.06 , 65.11 ," 175,822.00 "," 294,232.01 "," 1,254.00 ", 3.06 , 5.83 ,
8/31/1993," 10,688.61 ", 6.80 ," 111,200.00 ", 144.80 , 65.17 , 65.04 ," 175,233.00 "," 296,264.17 "," 1,300.00 ", 3.03 , 5.45 ,
9/30/1993," 10,688.61 ", 6.70 ," 111,449.00 ", 145.00 , 65.24 , 65.37 ," 176,608.00 "," 299,447.98 "," 1,343.00 ", 3.09 , 5.40 ,
10/31/1993," 10,833.99 ", 6.80 ," 111,734.00 ", 145.60 , 65.44 , 65.86 ," 177,588.00 "," 301,654.09 "," 1,392.00 ", 2.99 , 5.43 ,
11/30/1993," 10,833.99 ", 6.60 ," 111,988.00 ", 146.00 , 65.57 , 66.17 ," 179,758.00 "," 306,564.01 "," 1,376.00 ", 3.02 , 5.83 ,
12/31/1993," 10,833.99 ", 6.50 ," 112,324.00 ", 146.30 , 65.58 , 66.55 ," 181,077.00 "," 309,908.02 "," 1,533.00 ", 2.96 , 5.83 ,
1/31/1994," 10,939.12 ", 6.60 ," 112,601.00 ", 146.30 , 65.60 , 66.76 ," 179,615.00 "," 312,521.67 "," 1,272.00 ", 3.05 , 5.70 ,
2/28/1994," 10,939.12 ", 6.60 ," 112,782.00 ", 146.70 , 65.76 , 66.80 ," 183,101.00 "," 315,413.72 "," 1,337.00 ", 3.25 , 6.15 ,
3/31/1994," 10,939.12 ", 6.50 ," 113,245.00 ", 147.10 , 65.94 , 67.47 ," 186,721.00 "," 319,777.37 "," 1,564.00 ", 3.34 , 6.77 ,
4/30/1994," 11,087.36 ", 6.40 ," 113,589.00 ", 147.20 , 66.02 , 67.87 ," 186,423.00 "," 325,015.74 "," 1,465.00 ", 3.56 , 7.06 ,
5/31/1994," 11,087.36 ", 6.10 ," 113,922.00 ", 147.50 , 66.11 , 68.19 ," 185,616.00 "," 329,097.63 "," 1,526.00 ", 4.01 , 7.17 ,
6/30/1994," 11,087.36 ", 6.10 ," 114,239.00 ", 147.90 , 66.27 , 68.65 ," 187,800.00 "," 334,852.80 "," 1,409.00 ", 4.25 , 7.34 ,
7/31/1994," 11,152.18 ", 6.10 ," 114,608.00 ", 148.40 , 66.48 , 68.73 ," 188,062.00 "," 339,945.48 "," 1,439.00 ", 4.26 , 7.12 ,
8/31/1994," 11,152.18 ", 6.00 ," 114,903.00 ", 149.00 , 66.63 , 69.19 ," 190,771.00 "," 347,670.70 "," 1,450.00 ", 4.47 , 7.19 ,
9/30/1994," 11,152.18 ", 5.90 ," 115,247.00 ", 149.30 , 66.71 , 69.39 ," 192,585.00 "," 350,083.91 "," 1,474.00 ", 4.73 , 7.62 ,
10/31/1994," 11,279.93 ", 5.80 ," 115,457.00 ", 149.40 , 66.82 , 69.96 ," 193,914.00 "," 352,779.03 "," 1,450.00 ", 4.76 , 7.81 ,
11/30/1994," 11,279.93 ", 5.60 ," 115,868.00 ", 149.80 , 66.95 , 70.43 ," 194,425.00 "," 362,592.72 "," 1,511.00 ", 5.29 , 7.91 ,
12/31/1994," 11,279.93 ", 5.50 ," 116,173.00 ", 150.10 , 66.99 , 71.13 ," 194,939.00 "," 365,569.56 "," 1,455.00 ", 5.45 , 7.84 ,
1/31/1995," 11,319.95 ", 5.60 ," 116,505.00 ", 150.50 , 67.13 , 71.26 ," 195,908.00 "," 372,003.17 "," 1,407.00 ", 5.53 , 7.60 ,
2/28/1995," 11,319.95 ", 5.40 ," 116,694.00 ", 150.90 , 67.25 , 71.18 ," 193,068.00 "," 378,103.38 "," 1,316.00 ", 5.92 , 7.22 ,
3/31/1995," 11,319.95 ", 5.40 ," 116,908.00 ", 151.20 , 67.37 , 71.28 ," 195,179.00 "," 385,559.92 "," 1,249.00 ", 5.98 , 7.20 ,
4/30/1995," 11,353.72 ", 5.80 ," 117,065.00 ", 151.80 , 67.55 , 71.15 ," 195,310.00 "," 389,743.58 "," 1,267.00 ", 6.05 , 7.07 ,
5/31/1995," 11,353.72 ", 5.60 ," 117,047.00 ", 152.10 , 67.65 , 71.50 ," 198,060.00 "," 398,163.97 "," 1,314.00 ", 6.01 , 6.30 ,
6/30/1995," 11,353.72 ", 5.60 ," 117,291.00 ", 152.40 , 67.72 , 71.73 ," 200,383.00 "," 406,087.43 "," 1,281.00 ", 6.00 , 6.21 ,
7/31/1995," 11,450.31 ", 5.70 ," 117,382.00 ", 152.60 , 67.80 , 71.43 ," 199,110.00 "," 409,141.29 "," 1,461.00 ", 5.85 , 6.45 ,
8/31/1995," 11,450.31 ", 5.70 ," 117,646.00 ", 152.90 , 67.95 , 72.37 ," 201,078.00 "," 417,565.74 "," 1,416.00 ", 5.74 , 6.28 ,
9/30/1995," 11,450.31 ", 5.60 ," 117,873.00 ", 153.10 , 68.00 , 72.65 ," 201,337.00 "," 429,032.15 "," 1,369.00 ", 5.80 , 6.17 ,
10/31/1995," 11,528.07 ", 5.50 ," 118,026.00 ", 153.50 , 68.17 , 72.53 ," 200,597.00 "," 433,450.42 "," 1,369.00 ", 5.76 , 6.03 ,
11/30/1995," 11,528.07 ", 5.60 ," 118,165.00 ", 153.70 , 68.17 , 72.72 ," 203,545.00 "," 436,740.16 "," 1,452.00 ", 5.80 , 5.76 ,
12/31/1995," 11,528.07 ", 5.60 ," 118,325.00 ", 153.90 , 68.30 , 72.96 ," 204,032.00 "," 443,920.09 "," 1,431.00 ", 5.60 , 5.58 ,
1/31/1996," 11,614.42 ", 5.60 ," 118,317.00 ", 154.70 , 68.45 , 72.57 ," 203,793.00 "," 449,994.68 "," 1,467.00 ", 5.56 , 5.60 ,
2/29/1996," 11,614.42 ", 5.50 ," 118,737.00 ", 155.00 , 68.56 , 73.62 ," 206,875.00 "," 455,597.38 "," 1,491.00 ", 5.22 , 6.13 ,
3/31/1996," 11,614.42 ", 5.50 ," 118,992.00 ", 155.50 , 68.77 , 73.51 ," 207,650.00 "," 461,591.95 "," 1,424.00 ", 5.31 , 6.34 ,
4/30/1996," 11,808.14 ", 5.60 ," 119,158.00 ", 156.10 , 68.97 , 74.25 ," 209,294.00 "," 465,781.59 "," 1,516.00 ", 5.22 , 6.66 ,
5/31/1996," 11,808.14 ", 5.60 ," 119,496.00 ", 156.40 , 69.09 , 74.81 ," 211,157.00 "," 470,659.79 "," 1,504.00 ", 5.24 , 6.85 ,
6/30/1996," 11,808.14 ", 5.30 ," 119,770.00 ", 156.70 , 69.09 , 75.37 ," 209,474.00 "," 474,262.36 "," 1,467.00 ", 5.27 , 6.73 ,
7/31/1996," 11,914.06 ", 5.50 ," 120,019.00 ", 157.00 , 69.24 , 75.37 ," 210,827.00 "," 479,267.01 "," 1,472.00 ", 5.40 , 6.80 ,
8/31/1996," 11,914.06 ", 5.10 ," 120,198.00 ", 157.20 , 69.30 , 75.76 ," 210,846.00 "," 483,293.11 "," 1,557.00 ", 5.22 , 6.96 ,
9/30/1996," 11,914.06 ", 5.20 ," 120,400.00 ", 157.70 , 69.50 , 76.23 ," 213,233.00 "," 486,284.81 "," 1,475.00 ", 5.30 , 6.72 ,
10/31/1996," 12,037.78 ", 5.20 ," 120,665.00 ", 158.20 , 69.71 , 76.22 ," 215,526.00 "," 490,441.62 "," 1,392.00 ", 5.24 , 6.37 ,
11/30/1996," 12,037.78 ", 5.40 ," 120,947.00 ", 158.70 , 69.83 , 76.90 ," 215,167.00 "," 497,511.48 "," 1,489.00 ", 5.31 , 6.06 ,
12/31/1996," 12,037.78 ", 5.40 ," 121,143.00 ", 159.10 , 69.91 , 77.38 ," 215,690.00 "," 507,516.57 "," 1,370.00 ", 5.29 , 6.43 ,
1/31/1997," 12,115.47 ", 5.30 ," 121,357.00 ", 159.40 , 70.01 , 77.51 ," 218,124.00 "," 510,470.26 "," 1,355.00 ", 5.25 , 6.53 ,
2/28/1997," 12,115.47 ", 5.20 ," 121,674.00 ", 159.70 , 70.15 , 78.43 ," 219,587.00 "," 511,713.55 "," 1,486.00 ", 5.19 , 6.56 ,
3/31/1997," 12,115.47 ", 5.20 ," 121,991.00 ", 159.80 , 70.23 , 78.92 ," 221,189.00 "," 511,956.09 "," 1,457.00 ", 5.39 , 6.92 ,
4/30/1997," 12,317.22 ", 5.10 ," 122,288.00 ", 159.90 , 70.29 , 78.98 ," 217,925.00 "," 511,864.57 "," 1,492.00 ", 5.51 , 6.72 ,
5/31/1997," 12,317.22 ", 4.90 ," 122,560.00 ", 159.90 , 70.26 , 79.43 ," 217,771.00 "," 514,481.11 "," 1,442.00 ", 5.50 , 6.67 ,
6/30/1997," 12,317.22 ", 5.00 ," 122,816.00 ", 160.20 , 70.35 , 79.80 ," 220,233.00 "," 515,566.18 "," 1,494.00 ", 5.56 , 6.51 ,
7/31/1997," 12,471.01 ", 4.90 ," 123,114.00 ", 160.40 , 70.39 , 80.47 ," 222,985.00 "," 520,896.35 "," 1,437.00 ", 5.52 , 6.02 ,
8/31/1997," 12,471.01 ", 4.80 ," 123,086.00 ", 160.80 , 70.45 , 81.28 ," 223,120.00 "," 524,444.78 "," 1,390.00 ", 5.54 , 6.34 ,
9/30/1997," 12,471.01 ", 4.90 ," 123,575.00 ", 161.20 , 70.62 , 82.03 ," 224,509.00 "," 528,722.40 "," 1,546.00 ", 5.54 , 6.12 ,
10/31/1997," 12,577.50 ", 4.70 ," 123,924.00 ", 161.50 , 70.71 , 82.77 ," 224,300.00 "," 532,044.28 "," 1,520.00 ", 5.50 , 5.84 ,
11/30/1997," 12,577.50 ", 4.60 ," 124,226.00 ", 161.70 , 70.72 , 83.43 ," 223,718.00 "," 534,807.80 "," 1,510.00 ", 5.52 , 5.86 ,
12/31/1997," 12,577.50 ", 4.70 ," 124,549.00 ", 161.80 , 70.70 , 83.78 ," 225,236.00 "," 540,005.56 "," 1,566.00 ", 5.50 , 5.75 ,
1/31/1998," 12,703.74 ", 4.60 ," 124,806.00 ", 162.00 , 70.74 , 84.16 ," 225,954.00 "," 537,942.46 "," 1,525.00 ", 5.56 , 5.53 ,
2/28/1998," 12,703.74 ", 4.60 ," 125,017.00 ", 162.00 , 70.70 , 84.31 ," 225,746.00 "," 538,894.29 "," 1,584.00 ", 5.51 , 5.62 ,
3/31/1998," 12,703.74 ", 4.70 ," 125,165.00 ", 162.00 , 70.71 , 84.34 ," 226,889.00 "," 541,447.51 "," 1,567.00 ", 5.49 , 5.67 ,
4/30/1998," 12,821.34 ", 4.30 ," 125,446.00 ", 162.20 , 70.80 , 84.63 ," 230,409.00 "," 560,906.83 "," 1,540.00 ", 5.45 , 5.68 ,
5/31/1998," 12,821.34 ", 4.40 ," 125,846.00 ", 162.60 , 70.90 , 85.19 ," 230,995.00 "," 559,834.13 "," 1,536.00 ", 5.49 , 5.56 ,
6/30/1998," 12,821.34 ", 4.50 ," 126,076.00 ", 162.80 , 70.84 , 84.68 ," 233,207.00 "," 561,550.45 "," 1,641.00 ", 5.56 , 5.44 ,
7/31/1998," 12,982.75 ", 4.50 ," 126,211.00 ", 163.20 , 71.01 , 84.34 ," 231,551.00 "," 560,553.94 "," 1,698.00 ", 5.54 , 5.50 ,
8/31/1998," 12,982.75 ", 4.50 ," 126,546.00 ", 163.40 , 71.11 , 86.08 ," 229,792.00 "," 564,420.41 "," 1,614.00 ", 5.55 , 5.05 ,
9/30/1998," 12,982.75 ", 4.60 ," 126,744.00 ", 163.50 , 71.07 , 86.00 ," 232,308.00 "," 568,615.69 "," 1,582.00 ", 5.51 , 4.44 ,
10/31/1998," 13,191.67 ", 4.50 ," 126,948.00 ", 163.90 , 71.22 , 86.59 ," 236,174.00 "," 572,289.34 "," 1,715.00 ", 5.07 , 4.64 ,
11/30/1998," 13,191.67 ", 4.40 ," 127,223.00 ", 164.10 , 71.23 , 86.51 ," 237,592.00 "," 571,207.79 "," 1,660.00 ", 4.83 , 4.74 ,
12/31/1998," 13,191.67 ", 4.40 ," 127,595.00 ", 164.40 , 71.30 , 86.86 ," 240,140.00 "," 581,414.78 "," 1,792.00 ", 4.68 , 4.65 ,
1/31/1999," 13,315.60 ", 4.30 ," 127,699.00 ", 164.70 , 71.40 , 87.22 ," 240,269.00 "," 585,177.01 "," 1,748.00 ", 4.63 , 4.66 ,
2/28/1999," 13,315.60 ", 4.40 ," 128,118.00 ", 164.70 , 71.36 , 87.73 ," 243,346.00 "," 585,454.04 "," 1,670.00 ", 4.76 , 5.29 ,
3/31/1999," 13,315.60 ", 4.20 ," 128,234.00 ", 164.80 , 71.41 , 87.91 ," 244,687.00 "," 585,157.22 "," 1,710.00 ", 4.81 , 5.25 ,
4/30/1999," 13,426.75 ", 4.30 ," 128,596.00 ", 165.90 , 71.76 , 88.11 ," 246,628.00 "," 585,734.42 "," 1,553.00 ", 4.74 , 5.36 ,
5/31/1999," 13,426.75 ", 4.20 ," 128,813.00 ", 166.00 , 71.80 , 88.65 ," 248,367.00 "," 588,377.69 "," 1,611.00 ", 4.74 , 5.64 ,
6/30/1999," 13,426.75 ", 4.30 ," 129,084.00 ", 166.00 , 71.83 , 88.59 ," 249,329.00 "," 594,610.74 "," 1,559.00 ", 4.76 , 5.81 ,
7/31/1999," 13,604.77 ", 4.30 ," 129,421.00 ", 166.70 , 72.02 , 89.11 ," 251,263.00 "," 600,995.38 "," 1,669.00 ", 4.99 , 5.92 ,
8/31/1999," 13,604.77 ", 4.20 ," 129,572.00 ", 167.10 , 72.15 , 89.50 ," 253,844.00 "," 603,528.93 "," 1,648.00 ", 5.07 , 5.98 ,
9/30/1999," 13,604.77 ", 4.20 ," 129,772.00 ", 167.80 , 72.41 , 89.13 ," 255,029.00 "," 606,886.56 "," 1,635.00 ", 5.22 , 5.90 ,
10/31/1999," 13,827.98 ", 4.10 ," 130,178.00 ", 168.10 , 72.53 , 90.27 ," 254,816.00 "," 608,141.54 "," 1,608.00 ", 5.20 , 6.02 ,
11/30/1999," 13,827.98 ", 4.10 ," 130,467.00 ", 168.40 , 72.59 , 90.75 ," 258,133.00 "," 610,101.83 "," 1,648.00 ", 5.42 , 6.18 ,
12/31/1999," 13,827.98 ", 4.00 ," 130,783.00 ", 168.80 , 72.76 , 91.48 ," 263,311.00 "," 610,696.47 "," 1,708.00 ", 5.30 , 6.45 ,
1/31/2000," 13,878.15 ", 4.00 ," 131,011.00 ", 169.30 , 72.96 , 91.41 ," 261,545.00 "," 614,846.55 "," 1,636.00 ", 5.45 , 6.68 ,
2/29/2000," 13,878.15 ", 4.10 ," 131,121.00 ", 170.00 , 73.19 , 91.72 ," 265,686.00 "," 617,332.56 "," 1,737.00 ", 5.73 , 6.42 ,
3/31/2000," 13,878.15 ", 4.00 ," 131,604.00 ", 171.00 , 73.51 , 92.08 ," 269,019.00 "," 622,510.97 "," 1,604.00 ", 5.85 , 6.03 ,
4/30/2000," 14,130.91 ", 3.80 ," 131,883.00 ", 170.90 , 73.44 , 92.67 ," 264,067.00 "," 625,735.94 "," 1,626.00 ", 6.02 , 6.23 ,
5/31/2000," 14,130.91 ", 4.00 ," 132,105.00 ", 171.20 , 73.51 , 92.93 ," 265,992.00 "," 631,857.15 "," 1,575.00 ", 6.27 , 6.29 ,
6/30/2000," 14,130.91 ", 4.00 ," 132,062.00 ", 172.20 , 73.75 , 93.00 ," 267,750.00 "," 639,158.55 "," 1,559.00 ", 6.53 , 6.03 ,
7/31/2000," 14,145.31 ", 4.00 ," 132,228.00 ", 172.70 , 73.94 , 92.84 ," 265,683.00 "," 646,927.01 "," 1,463.00 ", 6.54 , 6.04 ,
8/31/2000," 14,145.31 ", 4.10 ," 132,234.00 ", 172.70 , 73.93 , 92.59 ," 266,885.00 "," 656,021.89 "," 1,541.00 ", 6.50 , 5.73 ,
9/30/2000," 14,145.31 ", 3.90 ," 132,338.00 ", 173.60 , 74.25 , 92.98 ," 270,523.00 "," 661,996.81 "," 1,507.00 ", 6.52 , 5.80 ,
10/31/2000," 14,229.77 ", 3.90 ," 132,352.00 ", 173.90 , 74.35 , 92.64 ," 270,339.00 "," 667,948.15 "," 1,549.00 ", 6.51 , 5.77 ,
11/30/2000," 14,229.77 ", 3.90 ," 132,556.00 ", 174.20 , 74.46 , 92.66 ," 268,850.00 "," 673,994.74 "," 1,551.00 ", 6.51 , 5.48 ,
12/31/2000," 14,229.77 ", 3.90 ," 132,716.00 ", 174.60 , 74.57 , 92.35 ," 268,338.00 "," 682,646.37 "," 1,532.00 ", 6.40 , 5.12 ," 5,088.00 "
1/31/2001," 14,183.12 ", 4.20 ," 132,703.00 ", 175.60 , 74.93 , 91.89 ," 272,881.00 "," 686,761.50 "," 1,600.00 ", 5.98 , 5.19 ," 5,234.00 "
2/28/2001," 14,183.12 ", 4.20 ," 132,788.00 ", 176.00 , 75.05 , 91.29 ," 272,627.00 "," 697,982.51 "," 1,625.00 ", 5.49 , 4.92 ," 5,097.00 "
3/31/2001," 14,183.12 ", 4.30 ," 132,751.00 ", 176.10 , 75.06 , 91.06 ," 269,820.00 "," 702,560.77 "," 1,590.00 ", 5.31 , 4.93 ," 4,762.00 "
4/30/2001," 14,271.69 ", 4.40 ," 132,457.00 ", 176.40 , 75.19 , 90.74 ," 274,410.00 "," 707,447.02 "," 1,649.00 ", 4.80 , 5.35 ," 4,615.00 "
5/31/2001," 14,271.69 ", 4.30 ," 132,409.00 ", 177.30 , 75.39 , 90.26 ," 275,769.00 "," 709,590.51 "," 1,605.00 ", 4.21 , 5.43 ," 4,425.00 "
6/30/2001," 14,271.69 ", 4.50 ," 132,299.00 ", 177.70 , 75.52 , 89.78 ," 274,474.00 "," 712,002.55 "," 1,636.00 ", 3.97 , 5.42 ," 4,361.00 "
7/31/2001," 14,214.52 ", 4.60 ," 132,171.00 ", 177.40 , 75.49 , 89.24 ," 273,098.00 "," 707,890.02 "," 1,670.00 ", 3.77 , 5.07 ," 4,447.00 "
8/31/2001," 14,214.52 ", 4.90 ," 132,021.00 ", 177.40 , 75.48 , 89.16 ," 275,659.00 "," 706,691.34 "," 1,567.00 ", 3.65 , 4.85 ," 4,024.00 "
9/30/2001," 14,214.52 ", 5.00 ," 131,763.00 ", 178.10 , 75.23 , 88.67 ," 268,652.00 "," 707,262.63 "," 1,562.00 ", 3.07 , 4.60 ," 4,071.00 "
10/31/2001," 14,253.57 ", 5.30 ," 131,452.00 ", 177.60 , 75.49 , 88.41 ," 288,632.00 "," 705,408.52 "," 1,540.00 ", 2.49 , 4.30 ," 3,707.00 "
11/30/2001," 14,253.57 ", 5.50 ," 131,144.00 ", 177.50 , 75.44 , 87.89 ," 280,033.00 "," 712,658.74 "," 1,602.00 ", 2.09 , 4.78 ," 3,775.00 "
12/31/2001," 14,253.57 ", 5.70 ," 130,983.00 ", 177.40 , 75.36 , 87.85 ," 276,302.00 "," 714,840.73 "," 1,568.00 ", 1.82 , 5.07 ," 3,677.00 "
1/31/2002," 14,372.79 ", 5.70 ," 130,859.00 ", 177.70 , 75.43 , 88.46 ," 277,135.00 "," 714,781.50 "," 1,698.00 ", 1.73 , 5.07 ," 3,699.00 "
2/28/2002," 14,372.79 ", 5.70 ," 130,736.00 ", 178.00 , 75.56 , 88.46 ," 278,869.00 "," 714,822.10 "," 1,829.00 ", 1.74 , 4.88 ," 3,436.00 "
3/31/2002," 14,372.79 ", 5.70 ," 130,722.00 ", 178.50 , 75.76 , 89.13 ," 278,079.00 "," 719,956.04 "," 1,642.00 ", 1.73 , 5.42 ," 3,612.00 "
4/30/2002," 14,460.85 ", 5.90 ," 130,615.00 ", 179.30 , 76.08 , 89.55 ," 281,147.00 "," 725,227.70 "," 1,592.00 ", 1.75 , 5.11 ," 3,471.00 "
5/31/2002," 14,460.85 ", 5.80 ," 130,632.00 ", 179.50 , 76.13 , 89.93 ," 278,966.00 "," 728,364.10 "," 1,764.00 ", 1.75 , 5.08 ," 3,457.00 "
6/30/2002," 14,460.85 ", 5.80 ," 130,673.00 ", 179.60 , 76.23 , 90.67 ," 280,426.00 "," 732,813.38 "," 1,717.00 ", 1.75 , 4.86 ," 3,412.00 "
7/31/2002," 14,519.63 ", 5.80 ," 130,583.00 ", 180.00 , 76.39 , 90.64 ," 284,161.00 "," 736,264.46 "," 1,655.00 ", 1.73 , 4.51 ," 3,367.00 "
8/31/2002," 14,519.63 ", 5.70 ," 130,582.00 ", 180.50 , 76.54 , 90.55 ," 285,884.00 "," 740,489.45 "," 1,633.00 ", 1.74 , 4.14 ," 3,517.00 "
9/30/2002," 14,519.63 ", 5.70 ," 130,503.00 ", 180.80 , 76.68 , 90.64 ," 281,064.00 "," 743,326.36 "," 1,804.00 ", 1.75 , 3.63 ," 3,301.00 "
10/31/2002," 14,537.58 ", 5.70 ," 130,617.00 ", 181.20 , 76.82 , 90.40 ," 282,940.00 "," 747,939.58 "," 1,648.00 ", 1.75 , 3.93 ," 3,479.00 "
11/30/2002," 14,537.58 ", 5.90 ," 130,616.00 ", 181.50 , 76.90 , 90.89 ," 283,408.00 "," 749,906.22 "," 1,753.00 ", 1.34 , 4.22 ," 3,514.00 "
12/31/2002," 14,537.58 ", 6.00 ," 130,465.00 ", 181.80 , 76.97 , 90.39 ," 286,646.00 "," 750,947.45 "," 1,788.00 ", 1.24 , 3.83 ," 3,169.00 "
1/31/2003," 14,614.14 ", 5.80 ," 130,573.00 ", 182.60 , 77.20 , 91.14 ," 288,657.00 "," 754,789.40 "," 1,853.00 ", 1.24 , 4.00 ," 3,441.00 "
2/28/2003," 14,614.14 ", 5.90 ," 130,441.00 ", 183.60 , 77.53 , 91.25 ," 284,696.00 "," 758,601.34 "," 1,629.00 ", 1.26 , 3.71 ," 3,229.00 "
3/31/2003," 14,614.14 ", 5.90 ," 130,235.00 ", 183.90 , 77.73 , 91.00 ," 288,177.00 "," 759,655.21 "," 1,726.00 ", 1.25 , 3.83 ," 3,099.00 "
4/30/2003," 14,743.57 ", 6.00 ," 130,172.00 ", 183.20 , 77.59 , 90.43 ," 289,053.00 "," 760,752.43 "," 1,643.00 ", 1.26 , 3.89 ," 3,108.00 "
5/31/2003," 14,743.57 ", 6.10 ," 130,196.00 ", 182.90 , 77.50 , 90.40 ," 289,619.00 "," 763,704.74 "," 1,751.00 ", 1.26 , 3.37 ," 3,289.00 "
6/30/2003," 14,743.57 ", 6.30 ," 130,185.00 ", 183.10 , 77.59 , 90.52 ," 293,671.00 "," 763,814.88 "," 1,867.00 ", 1.22 , 3.54 ," 3,390.00 "
7/31/2003," 14,988.78 ", 6.20 ," 130,184.00 ", 183.70 , 77.82 , 90.99 ," 296,207.00 "," 764,388.66 "," 1,897.00 ", 1.01 , 4.49 ," 2,981.00 "
8/31/2003," 14,988.78 ", 6.10 ," 130,153.00 ", 184.50 , 78.08 , 90.79 ," 299,592.00 "," 766,324.40 "," 1,833.00 ", 1.03 , 4.45 ," 3,190.00 "
9/30/2003," 14,988.78 ", 6.10 ," 130,253.00 ", 185.10 , 78.32 , 91.38 ," 298,921.00 "," 766,041.92 "," 1,939.00 ", 1.01 , 3.96 ," 3,091.00 "
10/31/2003," 15,162.76 ", 6.00 ," 130,440.00 ", 184.90 , 78.33 , 91.50 ," 298,205.00 "," 765,535.19 "," 1,967.00 ", 1.01 , 4.33 ," 3,305.00 "
11/30/2003," 15,162.76 ", 5.80 ," 130,481.00 ", 185.00 , 78.43 , 92.13 ," 299,433.00 "," 765,007.92 "," 2,083.00 ", 1.00 , 4.34 ," 3,324.00 "
12/31/2003," 15,162.76 ", 5.70 ," 130,589.00 ", 185.50 , 78.61 , 92.17 ," 300,702.00 "," 768,258.31 "," 2,057.00 ", 0.98 , 4.27 ," 3,414.00 "
1/31/2004," 15,248.68 ", 5.70 ," 130,756.00 ", 186.30 , 78.91 , 92.33 ," 301,993.00 "," 770,672.50 "," 1,911.00 ", 1.00 , 4.16 ," 3,424.00 "
2/29/2004," 15,248.68 ", 5.60 ," 130,820.00 ", 186.70 , 79.08 , 92.90 ," 303,915.00 "," 772,362.27 "," 1,846.00 ", 1.01 , 3.99 ," 3,532.00 "
3/31/2004," 15,248.68 ", 5.80 ," 131,139.00 ", 187.10 , 79.20 , 92.54 ," 309,471.00 "," 778,092.48 "," 1,998.00 ", 1.00 , 3.86 ," 3,525.00 "
4/30/2004," 15,366.85 ", 5.60 ," 131,412.00 ", 187.40 , 79.35 , 92.90 ," 307,358.00 "," 775,554.79 "," 2,003.00 ", 1.00 , 4.53 ," 3,511.00 "
5/31/2004," 15,366.85 ", 5.60 ," 131,697.00 ", 188.20 , 79.60 , 93.58 ," 311,088.00 "," 778,088.65 "," 1,981.00 ", 1.00 , 4.66 ," 3,710.00 "
6/30/2004," 15,366.85 ", 5.60 ," 131,794.00 ", 188.90 , 79.83 , 92.87 ," 309,127.00 "," 779,731.22 "," 1,828.00 ", 1.03 , 4.62 ," 3,337.00 "
7/31/2004," 15,512.62 ", 5.50 ," 131,853.00 ", 189.10 , 79.91 , 93.55 ," 311,681.00 "," 786,087.14 "," 2,002.00 ", 1.26 , 4.50 ," 3,814.00 "
8/31/2004," 15,512.62 ", 5.40 ," 131,940.00 ", 189.20 , 79.95 , 93.63 ," 311,192.00 "," 787,011.66 "," 2,024.00 ", 1.43 , 4.13 ," 3,541.00 "
9/30/2004," 15,512.62 ", 5.40 ," 132,091.00 ", 189.80 , 80.10 , 93.74 ," 317,446.00 "," 793,635.81 "," 1,905.00 ", 1.61 , 4.14 ," 3,821.00 "
10/31/2004," 15,670.88 ", 5.50 ," 132,431.00 ", 190.80 , 80.45 , 94.57 ," 318,476.00 "," 796,696.49 "," 2,072.00 ", 1.76 , 4.05 ," 3,943.00 "
11/30/2004," 15,670.88 ", 5.40 ," 132,504.00 ", 191.70 , 80.76 , 94.80 ," 320,520.00 "," 797,184.97 "," 1,782.00 ", 1.93 , 4.36 ," 3,472.00 "
12/31/2004," 15,670.88 ", 5.40 ," 132,629.00 ", 191.70 , 80.80 , 95.54 ," 324,672.00 "," 799,552.18 "," 2,042.00 ", 2.16 , 4.24 ," 4,074.00 "
1/31/2005," 15,844.73 ", 5.30 ," 132,781.00 ", 191.60 , 80.91 , 95.88 ," 321,272.00 "," 804,635.76 "," 2,144.00 ", 2.28 , 4.14 ," 3,804.00 "
2/28/2005," 15,844.73 ", 5.40 ," 133,033.00 ", 192.40 , 81.13 , 96.57 ," 325,308.00 "," 804,107.29 "," 2,207.00 ", 2.50 , 4.36 ," 3,965.00 "
3/31/2005," 15,844.73 ", 5.20 ," 133,152.00 ", 193.10 , 81.38 , 96.43 ," 326,179.00 "," 804,639.97 "," 1,864.00 ", 2.63 , 4.50 ," 4,044.00 "
4/30/2005," 15,922.78 ", 5.20 ," 133,519.00 ", 193.70 , 81.60 , 96.63 ," 329,124.00 "," 810,558.39 "," 2,061.00 ", 2.79 , 4.21 ," 4,159.00 "
5/31/2005," 15,922.78 ", 5.10 ," 133,689.00 ", 193.60 , 81.65 , 96.73 ," 327,233.00 "," 809,211.55 "," 2,025.00 ", 3.00 , 4.00 ," 3,797.00 "
6/30/2005," 15,922.78 ", 5.00 ," 133,947.00 ", 193.70 , 81.70 , 97.15 ," 337,219.00 "," 814,181.65 "," 2,068.00 ", 3.04 , 3.94 ," 4,062.00 "
7/31/2005," 16,047.59 ", 5.00 ," 134,300.00 ", 194.90 , 82.05 , 96.84 ," 339,529.00 "," 814,908.46 "," 2,054.00 ", 3.26 , 4.28 ," 4,256.00 "
8/31/2005," 16,047.59 ", 4.90 ," 134,503.00 ", 196.10 , 82.38 , 97.16 ," 335,605.00 "," 817,842.41 "," 2,095.00 ", 3.50 , 4.02 ," 4,142.00 "
9/30/2005," 16,047.59 ", 5.00 ," 134,554.00 ", 198.80 , 83.17 , 95.28 ," 336,600.00 "," 819,651.75 "," 2,151.00 ", 3.62 , 4.34 ," 4,352.00 "
10/31/2005," 16,136.73 ", 5.00 ," 134,643.00 ", 199.10 , 83.31 , 96.44 ," 336,753.00 "," 821,082.67 "," 2,065.00 ", 3.78 , 4.57 ," 4,184.00 "
11/30/2005," 16,136.73 ", 5.00 ," 134,999.00 ", 198.10 , 83.13 , 97.50 ," 339,719.00 "," 825,878.08 "," 2,147.00 ", 4.00 , 4.49 ," 4,248.00 "
12/31/2005," 16,136.73 ", 4.90 ," 135,158.00 ", 198.10 , 83.13 , 97.97 ," 339,895.00 "," 829,518.36 "," 1,994.00 ", 4.16 , 4.39 ," 4,282.00 "
1/31/2006," 16,353.84 ", 4.70 ," 135,426.00 ", 199.30 , 83.53 , 98.13 ," 349,664.00 "," 879,577.12 "," 2,273.00 ", 4.29 , 4.53 ," 4,397.00 "
2/28/2006," 16,353.84 ", 4.80 ," 135,731.00 ", 199.40 , 83.58 , 98.17 ," 347,021.00 "," 885,289.73 "," 2,119.00 ", 4.49 , 4.55 ," 4,325.00 "
3/31/2006," 16,353.84 ", 4.70 ," 136,036.00 ", 199.70 , 83.75 , 98.39 ," 348,357.00 "," 888,243.58 "," 1,969.00 ", 4.59 , 4.86 ," 4,732.00 "
4/30/2006," 16,396.15 ", 4.70 ," 136,208.00 ", 200.70 , 84.14 , 98.68 ," 350,072.00 "," 893,526.92 "," 1,821.00 ", 4.79 , 5.07 ," 4,790.00 "
5/31/2006," 16,396.15 ", 4.60 ," 136,249.00 ", 201.30 , 84.36 , 98.71 ," 348,889.00 "," 899,471.33 "," 1,942.00 ", 4.94 , 5.12 ," 4,463.00 "
6/30/2006," 16,396.15 ", 4.60 ," 136,335.00 ", 201.80 , 84.57 , 99.04 ," 350,795.00 "," 897,483.31 "," 1,802.00 ", 4.99 , 5.15 ," 4,614.00 "
7/31/2006," 16,420.74 ", 4.70 ," 136,529.00 ", 202.90 , 84.86 , 98.98 ," 351,916.00 "," 898,676.63 "," 1,737.00 ", 5.24 , 4.99 ," 4,394.00 "
8/31/2006," 16,420.74 ", 4.70 ," 136,693.00 ", 203.80 , 85.13 , 99.40 ," 353,285.00 "," 903,924.28 "," 1,650.00 ", 5.25 , 4.74 ," 4,710.00 "
9/30/2006," 16,420.74 ", 4.50 ," 136,829.00 ", 202.80 , 84.90 , 99.22 ," 351,240.00 "," 907,814.35 "," 1,720.00 ", 5.25 , 4.64 ," 4,737.00 "
10/31/2006," 16,561.87 ", 4.40 ," 136,846.00 ", 201.90 , 84.70 , 99.12 ," 351,035.00 "," 911,614.51 "," 1,491.00 ", 5.25 , 4.61 ," 4,591.00 "
11/30/2006," 16,561.87 ", 4.50 ," 137,061.00 ", 202.00 , 84.73 , 99.10 ," 352,116.00 "," 917,346.18 "," 1,570.00 ", 5.25 , 4.46 ," 4,645.00 "
12/31/2006," 16,561.87 ", 4.40 ," 137,249.00 ", 203.10 , 85.03 , 100.11 ," 356,367.00 "," 923,876.78 "," 1,649.00 ", 5.24 , 4.71 ," 4,620.00 "
1/31/2007," 16,611.69 ", 4.60 ," 137,472.00 ", 203.44 , 85.32 , 99.75 ," 355,792.00 "," 927,629.46 "," 1,409.00 ", 5.25 , 4.83 ," 4,763.00 "
2/28/2007," 16,611.69 ", 4.50 ," 137,558.00 ", 204.23 , 85.58 , 100.72 ," 356,545.00 "," 933,355.80 "," 1,480.00 ", 5.26 , 4.56 ," 4,699.00 "
3/31/2007," 16,611.69 ", 4.40 ," 137,782.00 ", 205.29 , 85.89 , 100.90 ," 359,415.00 "," 938,463.58 "," 1,495.00 ", 5.26 , 4.65 ," 4,962.00 "
4/30/2007," 16,713.31 ", 4.50 ," 137,845.00 ", 205.90 , 86.10 , 101.57 ," 358,562.00 "," 941,386.51 "," 1,490.00 ", 5.25 , 4.63 ," 4,689.00 "
5/31/2007," 16,713.31 ", 4.40 ," 137,993.00 ", 206.76 , 86.35 , 101.63 ," 363,085.00 "," 950,626.04 "," 1,415.00 ", 5.25 , 4.90 ," 4,657.00 "
6/30/2007," 16,713.31 ", 4.60 ," 138,069.00 ", 207.23 , 86.53 , 101.65 ," 360,234.00 "," 953,925.09 "," 1,448.00 ", 5.25 , 5.03 ," 4,859.00 "
7/31/2007," 16,809.59 ", 4.70 ," 138,044.00 ", 207.60 , 86.66 , 101.50 ," 361,770.00 "," 958,322.31 "," 1,354.00 ", 5.26 , 4.78 ," 4,598.00 "
8/31/2007," 16,809.59 ", 4.60 ," 138,013.00 ", 207.67 , 86.72 , 101.69 ," 363,676.00 "," 968,225.62 "," 1,330.00 ", 5.02 , 4.54 ," 4,546.00 "
9/30/2007," 16,809.59 ", 4.70 ," 138,101.00 ", 208.55 , 87.05 , 101.94 ," 365,178.00 "," 975,499.77 "," 1,183.00 ", 4.94 , 4.59 ," 4,652.00 "
10/31/2007," 16,915.19 ", 4.70 ," 138,177.00 ", 209.19 , 87.32 , 101.64 ," 367,322.00 "," 982,852.85 "," 1,264.00 ", 4.76 , 4.48 ," 4,636.00 "
11/30/2007," 16,915.19 ", 4.70 ," 138,291.00 ", 210.83 , 87.78 , 102.22 ," 370,776.00 "," 994,565.28 "," 1,197.00 ", 4.49 , 3.97 ," 4,646.00 "
12/31/2007," 16,915.19 ", 5.00 ," 138,395.00 ", 211.45 , 87.98 , 102.28 ," 366,569.00 "," 1,001,625.30 "," 1,037.00 ", 4.24 , 4.04 ," 4,545.00 "
1/31/2008," 16,843.00 ", 5.00 ," 138,391.00 ", 212.17 , 88.21 , 102.15 ," 367,368.00 "," 1,008,034.46 "," 1,084.00 ", 3.94 , 3.67 ," 4,624.00 "
2/29/2008," 16,843.00 ", 4.90 ," 138,327.00 ", 212.69 , 88.38 , 101.78 ," 364,126.00 "," 1,014,944.46 "," 1,103.00 ", 2.98 , 3.53 ," 4,279.00 "
3/31/2008," 16,843.00 ", 5.10 ," 138,257.00 ", 213.45 , 88.64 , 101.45 ," 365,164.00 "," 1,016,772.00 "," 1,005.00 ", 2.61 , 3.45 ," 4,225.00 "
4/30/2008," 16,943.29 ", 5.00 ," 138,038.00 ", 213.94 , 88.80 , 100.76 ," 364,816.00 "," 1,018,531.96 "," 1,013.00 ", 2.28 , 3.77 ," 4,035.00 "
5/31/2008," 16,943.29 ", 5.40 ," 137,851.00 ", 215.21 , 89.18 , 100.13 ," 368,255.00 "," 1,019,636.96 ", 973.00 , 1.98 , 4.06 ," 4,194.00 "
6/30/2008," 16,943.29 ", 5.60 ," 137,698.00 ", 217.46 , 89.83 , 99.87 ," 368,926.00 "," 1,019,322.07 "," 1,046.00 ", 2.00 , 3.99 ," 3,830.00 "
7/31/2008," 16,854.30 ", 5.80 ," 137,498.00 ", 219.02 , 90.25 , 99.42 ," 367,594.00 "," 1,018,363.90 ", 923.00 , 2.01 , 3.99 ," 3,749.00 "
8/31/2008," 16,854.30 ", 6.10 ," 137,211.00 ", 218.69 , 90.17 , 97.85 ," 364,611.00 "," 1,017,430.52 ", 844.00 , 2.00 , 3.83 ," 3,674.00 "
9/30/2008," 16,854.30 ", 6.10 ," 136,762.00 ", 218.88 , 90.25 , 93.56 ," 358,991.00 "," 1,012,560.94 ", 820.00 , 1.81 , 3.85 ," 3,222.00 "
10/31/2008," 16,485.35 ", 6.50 ," 136,293.00 ", 217.00 , 89.65 , 94.50 ," 346,137.00 "," 1,016,461.34 ", 777.00 , 0.97 , 4.01 ," 3,377.00 "
11/30/2008," 16,485.35 ", 6.80 ," 135,543.00 ", 213.15 , 88.59 , 93.26 ," 332,498.00 "," 1,010,482.06 ", 652.00 , 0.39 , 2.93 ," 3,231.00 "
12/31/2008," 16,485.35 ", 7.30 ," 134,847.00 ", 211.40 , 88.10 , 90.63 ," 324,767.00 "," 1,003,997.04 ", 560.00 , 0.16 , 2.25 ," 3,146.00 "
1/31/2009," 16,298.26 ", 7.80 ," 134,078.00 ", 211.93 , 88.11 , 88.37 ," 329,787.00 "," 1,007,215.24 ", 490.00 , 0.15 , 2.87 ," 2,738.00 "
2/28/2009," 16,298.26 ", 8.30 ," 133,317.00 ", 212.71 , 88.27 , 87.84 ," 328,376.00 "," 998,876.18 ", 582.00 , 0.22 , 3.02 ," 2,864.00 "
3/31/2009," 16,298.26 ", 8.70 ," 132,492.00 ", 212.50 , 88.17 , 86.47 ," 322,634.00 "," 984,512.63 ", 505.00 , 0.18 , 2.71 ," 2,534.00 "
4/30/2009," 16,269.15 ", 9.00 ," 131,821.00 ", 212.71 , 88.30 , 85.79 ," 324,323.00 "," 980,666.14 ", 478.00 , 0.15 , 3.16 ," 2,295.00 "
5/31/2009," 16,269.15 ", 9.40 ," 131,468.00 ", 213.02 , 88.39 , 84.94 ," 327,011.00 "," 966,760.34 ", 540.00 , 0.18 , 3.47 ," 2,549.00 "
6/30/2009," 16,269.15 ", 9.50 ," 131,007.00 ", 214.79 , 88.91 , 84.67 ," 332,227.00 "," 963,147.09 ", 585.00 , 0.21 , 3.53 ," 2,503.00 "
7/31/2009," 16,326.28 ", 9.50 ," 130,662.00 ", 214.73 , 88.92 , 85.69 ," 333,670.00 "," 960,217.34 ", 594.00 , 0.16 , 3.52 ," 2,232.00 "
8/31/2009," 16,326.28 ", 9.60 ," 130,472.00 ", 215.45 , 89.18 , 86.64 ," 339,586.00 "," 952,045.04 ", 586.00 , 0.16 , 3.40 ," 2,338.00 "
9/30/2009," 16,326.28 ", 9.80 ," 130,247.00 ", 215.86 , 89.32 , 87.38 ," 330,998.00 "," 947,923.26 ", 585.00 , 0.15 , 3.31 ," 2,487.00 "
10/31/2009," 16,502.75 ", 10.00 ," 130,062.00 ", 216.51 , 89.66 , 87.58 ," 334,595.00 "," 940,392.11 ", 534.00 , 0.12 , 3.41 ," 2,406.00 "
11/30/2009," 16,502.75 ", 9.90 ," 130,058.00 ", 217.23 , 89.89 , 87.94 ," 337,321.00 "," 924,820.91 ", 588.00 , 0.12 , 3.21 ," 2,503.00 "
12/31/2009," 16,502.75 ", 9.90 ," 129,808.00 ", 217.35 , 89.94 , 88.24 ," 338,736.00 "," 916,076.63 ", 581.00 , 0.12 , 3.85 ," 2,568.00 "
1/31/2010," 16,582.71 ", 9.80 ," 129,802.00 ", 217.49 , 90.14 , 89.19 ," 339,093.00 "," 909,531.16 ", 614.00 , 0.11 , 3.63 ," 2,837.00 "
2/28/2010," 16,582.71 ", 9.80 ," 129,705.00 ", 217.28 , 90.13 , 89.50 ," 339,580.00 "," 902,330.23 ", 604.00 , 0.13 , 3.61 ," 2,666.00 "
3/31/2010," 16,582.71 ", 9.90 ," 129,865.00 ", 217.35 , 90.26 , 90.14 ," 346,974.00 "," 897,879.61 ", 636.00 , 0.16 , 3.84 ," 2,679.00 "
4/30/2010," 16,743.16 ", 9.90 ," 130,120.00 ", 217.40 , 90.31 , 90.46 ," 349,869.00 "," 896,602.91 ", 687.00 , 0.20 , 3.69 ," 3,153.00 "
5/31/2010," 16,743.16 ", 9.60 ," 130,643.00 ", 217.29 , 90.34 , 91.70 ," 346,858.00 "," 882,595.44 ", 583.00 , 0.20 , 3.31 ," 2,988.00 "
6/30/2010," 16,743.16 ", 9.40 ," 130,509.00 ", 217.20 , 90.30 , 91.90 ," 346,516.00 "," 877,043.12 ", 536.00 , 0.18 , 2.97 ," 2,801.00 "
7/31/2010," 16,872.27 ", 9.40 ," 130,415.00 ", 217.61 , 90.38 , 92.25 ," 347,612.00 "," 873,223.28 ", 546.00 , 0.18 , 2.94 ," 3,082.00 "
8/31/2010," 16,872.27 ", 9.50 ," 130,416.00 ", 217.92 , 90.50 , 92.59 ," 349,188.00 "," 866,784.93 ", 599.00 , 0.19 , 2.47 ," 2,999.00 "
9/30/2010," 16,872.27 ", 9.50 ," 130,342.00 ", 218.28 , 90.59 , 92.85 ," 352,179.00 "," 862,090.68 ", 594.00 , 0.19 , 2.53 ," 2,918.00 "
10/31/2010," 16,960.86 ", 9.40 ," 130,621.00 ", 219.04 , 90.88 , 92.60 ," 356,215.00 "," 855,380.39 ", 543.00 , 0.19 , 2.63 ," 3,235.00 "
11/30/2010," 16,960.86 ", 9.80 ," 130,749.00 ", 219.59 , 91.06 , 92.67 ," 359,450.00 "," 851,023.71 ", 545.00 , 0.19 , 2.81 ," 3,211.00 "
12/31/2010," 16,960.86 ", 9.30 ," 130,830.00 ", 220.47 , 91.27 , 93.59 ," 361,979.00 "," 839,102.67 ", 539.00 , 0.18 , 3.30 ," 3,058.00 "
1/31/2011," 16,920.63 ", 9.10 ," 130,837.00 ", 221.19 , 91.54 , 93.39 ," 364,394.00 "," 835,418.27 ", 630.00 , 0.17 , 3.42 ," 3,104.00 "
2/28/2011," 16,920.63 ", 9.00 ," 131,056.00 ", 221.90 , 91.80 , 93.00 ," 367,475.00 "," 833,744.99 ", 517.00 , 0.16 , 3.42 ," 3,226.00 "
3/31/2011," 16,920.63 ", 9.00 ," 131,282.00 ", 223.05 , 92.17 , 93.97 ," 370,775.00 "," 835,667.93 ", 600.00 , 0.14 , 3.47 ," 3,261.00 "
4/30/2011," 17,035.11 ", 9.10 ," 131,597.00 ", 224.09 , 92.56 , 93.66 ," 372,820.00 "," 834,226.14 ", 554.00 , 0.10 , 3.32 ," 3,259.00 "
5/31/2011," 17,035.11 ", 9.00 ," 131,704.00 ", 224.81 , 92.84 , 93.77 ," 372,505.00 "," 832,510.72 ", 561.00 , 0.09 , 3.05 ," 3,179.00 "
6/30/2011," 17,035.11 ", 9.10 ," 131,931.00 ", 224.81 , 92.82 , 94.05 ," 375,587.00 "," 836,248.43 ", 608.00 , 0.09 , 3.18 ," 3,455.00 "
7/31/2011," 17,031.31 ", 9.00 ," 131,993.00 ", 225.40 , 92.98 , 94.50 ," 375,442.00 "," 836,459.22 ", 623.00 , 0.07 , 2.82 ," 3,623.00 "
8/31/2011," 17,031.31 ", 9.00 ," 132,125.00 ", 226.11 , 93.20 , 95.10 ," 375,860.00 "," 836,213.60 ", 585.00 , 0.10 , 2.23 ," 3,329.00 "
9/30/2011," 17,031.31 ", 9.00 ," 132,344.00 ", 226.60 , 93.33 , 95.02 ," 380,042.00 "," 838,293.07 ", 650.00 , 0.08 , 1.92 ," 3,774.00 "
10/31/2011," 17,222.58 ", 8.80 ," 132,553.00 ", 226.75 , 93.33 , 95.69 ," 382,207.00 "," 838,235.09 ", 610.00 , 0.07 , 2.17 ," 3,619.00 "
11/30/2011," 17,222.58 ", 8.60 ," 132,690.00 ", 227.17 , 93.52 , 95.68 ," 383,422.00 "," 842,069.65 ", 711.00 , 0.08 , 2.08 ," 3,565.00 "
12/31/2011," 17,222.58 ", 8.50 ," 132,888.00 ", 227.22 , 93.57 , 96.18 ," 383,985.00 "," 840,164.23 ", 694.00 , 0.07 , 1.89 ," 3,768.00 "
1/31/2012," 17,367.01 ", 8.30 ," 133,245.00 ", 227.84 , 93.89 , 96.76 ," 387,531.00 "," 840,484.51 ", 723.00 , 0.08 , 1.83 ," 3,909.00 "
2/29/2012," 17,367.01 ", 8.30 ," 133,508.00 ", 228.33 , 94.10 , 97.07 ," 392,310.00 "," 842,731.81 ", 704.00 , 0.10 , 1.98 ," 3,616.00 "
3/31/2012," 17,367.01 ", 8.20 ," 133,748.00 ", 228.81 , 94.28 , 96.56 ," 393,698.00 "," 842,774.94 ", 695.00 , 0.13 , 2.23 ," 3,979.00 "
4/30/2012," 17,444.53 ", 8.20 ," 133,825.00 ", 229.19 , 94.41 , 97.25 ," 392,073.00 "," 838,276.76 ", 753.00 , 0.14 , 1.95 ," 3,793.00 "
5/31/2012," 17,444.53 ", 8.20 ," 133,933.00 ", 228.71 , 94.30 , 97.46 ," 391,376.00 "," 839,975.12 ", 708.00 , 0.16 , 1.59 ," 3,835.00 "
6/30/2012," 17,444.53 ", 8.20 ," 134,012.00 ", 228.52 , 94.25 , 97.48 ," 387,901.00 "," 838,818.52 ", 757.00 , 0.16 , 1.67 ," 3,911.00 "
7/31/2012," 17,469.65 ", 8.20 ," 134,157.00 ", 228.59 , 94.29 , 97.67 ," 389,686.00 "," 837,490.26 ", 740.00 , 0.16 , 1.51 ," 3,735.00 "
8/31/2012," 17,469.65 ", 8.10 ," 134,338.00 ", 229.92 , 94.61 , 97.27 ," 394,524.00 "," 841,409.15 ", 754.00 , 0.13 , 1.57 ," 3,809.00 "
9/30/2012," 17,469.65 ", 7.80 ," 134,517.00 ", 231.02 , 94.89 , 97.22 ," 397,681.00 "," 841,567.54 ", 847.00 , 0.14 , 1.65 ," 3,882.00 "
10/31/2012," 17,489.85 ", 7.80 ," 134,668.00 ", 231.64 , 95.17 , 97.53 ," 397,494.00 "," 843,409.68 ", 915.00 , 0.16 , 1.72 ," 3,775.00 "
11/30/2012," 17,489.85 ", 7.70 ," 134,825.00 ", 231.25 , 95.11 , 97.91 ," 399,708.00 "," 845,827.77 ", 833.00 , 0.16 , 1.62 ," 3,878.00 "
12/31/2012," 17,489.85 ", 7.90 ," 135,074.00 ", 231.22 , 95.09 , 98.19 ," 401,093.00 "," 839,980.84 ", 976.00 , 0.16 , 1.78 ," 3,970.00 "
1/31/2013," 17,662.40 ", 8.00 ," 135,257.00 ", 231.68 , 95.28 , 98.17 ," 404,434.00 "," 844,794.66 ", 888.00 , 0.14 , 2.02 ," 3,923.00 "
2/28/2013," 17,662.40 ", 7.70 ," 135,545.00 ", 232.94 , 95.61 , 98.64 ," 409,118.00 "," 850,406.45 ", 962.00 , 0.15 , 1.89 ," 4,004.00 "
3/31/2013," 17,662.40 ", 7.50 ," 135,689.00 ", 232.28 , 95.49 , 99.05 ," 406,223.00 "," 849,563.63 "," 1,010.00 ", 0.14 , 1.87 ," 4,076.00 "
4/30/2013," 17,709.67 ", 7.60 ," 135,873.00 ", 231.80 , 95.39 , 98.94 ," 404,231.00 "," 847,856.23 ", 835.00 , 0.15 , 1.70 ," 3,988.00 "
5/31/2013," 17,709.67 ", 7.50 ," 136,095.00 ", 231.89 , 95.46 , 99.04 ," 406,677.00 "," 851,751.63 ", 930.00 , 0.11 , 2.16 ," 4,145.00 "
6/30/2013," 17,709.67 ", 7.50 ," 136,279.00 ", 232.45 , 95.67 , 99.22 ," 407,921.00 "," 850,688.48 ", 839.00 , 0.09 , 2.52 ," 4,150.00 "
7/31/2013," 17,860.45 ", 7.30 ," 136,391.00 ", 232.90 , 95.79 , 98.90 ," 410,268.00 "," 850,854.89 ", 880.00 , 0.09 , 2.60 ," 3,885.00 "
8/31/2013," 17,860.45 ", 7.20 ," 136,646.00 ", 233.46 , 95.93 , 99.49 ," 409,691.00 "," 852,378.38 ", 917.00 , 0.08 , 2.78 ," 4,085.00 "
9/30/2013," 17,860.45 ", 7.20 ," 136,821.00 ", 233.54 , 95.98 , 100.02 ," 410,044.00 "," 853,263.62 ", 850.00 , 0.08 , 2.64 ," 4,128.00 "
10/31/2013," 18,016.15 ", 7.20 ," 137,041.00 ", 233.67 , 96.10 , 99.90 ," 411,399.00 "," 856,964.62 ", 925.00 , 0.09 , 2.57 ," 4,222.00 "
11/30/2013," 18,016.15 ", 6.90 ," 137,316.00 ", 234.10 , 96.25 , 100.16 ," 412,561.00 "," 852,439.84 "," 1,100.00 ", 0.08 , 2.75 ," 4,119.00 "
12/31/2013," 18,016.15 ", 6.70 ," 137,373.00 ", 234.72 , 96.41 , 100.37 ," 414,812.00 "," 854,138.80 "," 1,002.00 ", 0.09 , 3.04 ," 4,121.00 "
1/31/2014," 17,953.97 ", 6.60 ," 137,561.00 ", 235.29 , 96.61 , 99.99 ," 411,561.00 "," 860,896.56 ", 888.00 , 0.07 , 2.67 ," 4,127.00 "
2/28/2014," 17,953.97 ", 6.70 ," 137,712.00 ", 235.55 , 96.66 , 100.75 ," 416,736.00 "," 866,697.65 ", 944.00 , 0.07 , 2.66 ," 4,373.00 "
3/31/2014," 17,953.97 ", 6.70 ," 137,985.00 ", 236.03 , 96.82 , 101.74 ," 421,230.00 "," 868,753.38 ", 970.00 , 0.08 , 2.73 ," 4,388.00 "
4/30/2014," 18,185.91 ", 6.20 ," 138,297.00 ", 236.47 , 96.99 , 101.83 ," 425,546.00 "," 875,086.45 "," 1,043.00 ", 0.09 , 2.67 ," 4,566.00 "
5/31/2014," 18,185.91 ", 6.30 ," 138,512.00 ", 236.92 , 97.15 , 102.24 ," 426,253.00 "," 878,555.19 "," 1,007.00 ", 0.09 , 2.48 ," 4,747.00 "
6/30/2014," 18,185.91 ", 6.10 ," 138,849.00 ", 237.23 , 97.25 , 102.58 ," 427,305.00 "," 878,415.09 ", 911.00 , 0.10 , 2.53 ," 4,982.00 "
7/31/2014," 18,406.94 ", 6.20 ," 139,073.00 ", 237.50 , 97.39 , 102.80 ," 428,079.00 "," 884,171.75 "," 1,085.00 ", 0.09 , 2.58 ," 4,846.00 "
8/31/2014," 18,406.94 ", 6.10 ," 139,269.00 ", 237.46 , 97.38 , 102.63 ," 431,379.00 "," 886,133.52 ", 984.00 , 0.09 , 2.35 ," 5,349.00 "
9/30/2014," 18,406.94 ", 5.90 ," 139,563.00 ", 237.48 , 97.41 , 102.94 ," 430,189.00 "," 887,169.15 "," 1,023.00 ", 0.09 , 2.52 ," 4,914.00 "
10/31/2014," 18,500.03 ", 5.70 ," 139,797.00 ", 237.43 , 97.38 , 102.96 ," 431,903.00 "," 889,798.43 "," 1,074.00 ", 0.09 , 2.35 ," 5,012.00 "
11/30/2014," 18,500.03 ", 5.80 ," 140,090.00 ", 236.98 , 97.29 , 103.60 ," 433,113.00 "," 882,173.75 "," 1,001.00 ", 0.09 , 2.18 ," 4,843.00 "
12/31/2014," 18,500.03 ", 5.60 ," 140,364.00 ", 236.25 , 97.12 , 103.62 ," 430,110.00 "," 887,381.64 "," 1,073.00 ", 0.12 , 2.17 ," 5,130.00 "
1/31/2015," 18,666.62 ", 5.70 ," 140,568.00 ", 234.75 , 96.65 , 102.79 ," 428,208.00 "," 881,033.59 "," 1,085.00 ", 0.11 , 1.68 ," 5,344.00 "
2/28/2015," 18,666.62 ", 5.50 ," 140,827.00 ", 235.34 , 96.83 , 102.14 ," 427,119.00 "," 884,751.64 ", 886.00 , 0.11 , 2.00 ," 5,466.00 "
3/31/2015," 18,666.62 ", 5.40 ," 140,923.00 ", 235.98 , 97.01 , 101.79 ," 433,647.00 "," 890,777.97 ", 960.00 , 0.11 , 1.94 ," 5,210.00 "
4/30/2015," 18,782.24 ", 5.40 ," 141,196.00 ", 236.22 , 97.09 , 101.23 ," 434,470.00 "," 898,602.06 "," 1,190.00 ", 0.12 , 2.05 ," 5,598.00 "
5/31/2015," 18,782.24 ", 5.60 ," 141,538.00 ", 237.00 , 97.33 , 100.77 ," 437,865.00 "," 900,342.45 "," 1,079.00 ", 0.12 , 2.12 ," 5,563.00 "
6/30/2015," 18,782.24 ", 5.30 ," 141,709.00 ", 237.66 , 97.52 , 100.46 ," 437,951.00 "," 905,490.70 "," 1,205.00 ", 0.13 , 2.35 ," 5,248.00 "
7/31/2015," 18,857.42 ", 5.20 ," 141,991.00 ", 238.03 , 97.61 , 101.09 ," 441,942.00 "," 911,442.36 "," 1,146.00 ", 0.13 , 2.20 ," 6,056.00 "
8/31/2015," 18,857.42 ", 5.10 ," 142,125.00 ", 238.03 , 97.61 , 100.92 ," 441,849.00 "," 914,594.11 "," 1,130.00 ", 0.14 , 2.21 ," 5,467.00 "
9/30/2015," 18,857.42 ", 5.00 ," 142,275.00 ", 237.50 , 97.48 , 100.63 ," 439,867.00 "," 920,698.87 "," 1,224.00 ", 0.14 , 2.06 ," 5,488.00 "
10/31/2015," 18,892.21 ", 5.00 ," 142,579.00 ", 237.73 , 97.48 , 100.16 ," 438,693.00 "," 921,731.24 "," 1,058.00 ", 0.12 , 2.16 ," 5,773.00 "
11/30/2015," 18,892.21 ", 5.10 ," 142,808.00 ", 238.02 , 97.54 , 99.44 ," 440,303.00 "," 917,819.55 "," 1,172.00 ", 0.12 , 2.21 ," 5,708.00 "
12/31/2015," 18,892.21 ", 5.00 ," 143,077.00 ", 237.76 , 97.46 , 98.95 ," 442,149.00 "," 898,082.65 "," 1,146.00 ", 0.24 , 2.27 ," 5,845.00 "
1/31/2016," 19,001.69 ", 4.80 ," 143,210.00 ", 237.65 , 97.50 , 99.44 ," 439,466.00 "," 903,594.77 "," 1,092.00 ", 0.34 , 1.94 ," 6,012.00 "
2/29/2016," 19,001.69 ", 4.90 ," 143,407.00 ", 237.34 , 97.45 , 98.92 ," 443,117.00 "," 907,604.18 "," 1,225.00 ", 0.38 , 1.74 ," 5,770.00 "
3/31/2016," 19,001.69 ", 5.00 ," 143,662.00 ", 238.08 , 97.67 , 98.16 ," 441,856.00 "," 919,221.85 "," 1,111.00 ", 0.36 , 1.78 ," 6,129.00 "
4/30/2016," 19,062.71 ", 5.10 ," 143,855.00 ", 238.99 , 97.99 , 98.48 ," 444,254.00 "," 924,099.12 "," 1,163.00 ", 0.37 , 1.83 ," 5,803.00 "
5/31/2016," 19,062.71 ", 4.80 ," 143,900.00 ", 239.56 , 98.15 , 98.25 ," 445,490.00 "," 926,988.16 "," 1,148.00 ", 0.37 , 1.84 ," 5,777.00 "
6/30/2016," 19,062.71 ", 4.90 ," 144,146.00 ", 240.22 , 98.33 , 98.73 ," 450,237.00 "," 934,770.98 "," 1,203.00 ", 0.38 , 1.49 ," 5,742.00 "
7/31/2016," 19,197.94 ", 4.80 ," 144,520.00 ", 240.10 , 98.34 , 98.85 ," 449,789.00 "," 940,192.76 "," 1,239.00 ", 0.39 , 1.46 ," 5,962.00 "
8/31/2016," 19,197.94 ", 4.90 ," 144,662.00 ", 240.55 , 98.48 , 98.74 ," 449,946.00 "," 945,126.03 "," 1,171.00 ", 0.40 , 1.58 ," 5,677.00 "
9/30/2016," 19,197.94 ", 5.00 ," 144,967.00 ", 241.18 , 98.67 , 98.66 ," 453,056.00 "," 949,069.80 "," 1,068.00 ", 0.40 , 1.60 ," 5,868.00 "
10/31/2016," 19,304.35 ", 4.90 ," 145,066.00 ", 241.74 , 98.87 , 98.72 ," 453,847.00 "," 949,948.18 "," 1,313.00 ", 0.40 , 1.84 ," 5,591.00 "
11/30/2016," 19,304.35 ", 4.70 ," 145,183.00 ", 242.03 , 98.90 , 98.34 ," 453,892.00 "," 954,415.47 "," 1,140.00 ", 0.41 , 2.37 ," 5,971.00 "
12/31/2016," 19,304.35 ", 4.70 ," 145,408.00 ", 242.64 , 99.07 , 99.04 ," 459,305.00 "," 960,095.49 "," 1,252.00 ", 0.54 , 2.45 ," 5,964.00 "
1/31/2017," 19,398.34 ", 4.70 ," 145,628.00 ", 243.62 , 99.45 , 98.82 ," 464,412.00 "," 963,467.38 "," 1,190.00 ", 0.65 , 2.45 ," 5,617.00 "
2/28/2017," 19,398.34 ", 4.60 ," 145,848.00 ", 244.01 , 99.59 , 98.44 ," 464,284.00 "," 969,320.82 "," 1,271.00 ", 0.66 , 2.36 ," 5,923.00 "
3/31/2017," 19,398.34 ", 4.40 ," 145,969.00 ", 243.89 , 99.54 , 99.05 ," 463,674.00 "," 973,860.13 "," 1,190.00 ", 0.79 , 2.40 ," 5,811.00 "
4/30/2017," 19,506.95 ", 4.40 ," 146,174.00 ", 244.19 , 99.73 , 100.04 ," 465,276.00 "," 976,395.93 "," 1,146.00 ", 0.90 , 2.29 ," 6,091.00 "
5/31/2017," 19,506.95 ", 4.40 ," 146,380.00 ", 244.00 , 99.68 , 100.13 ," 462,754.00 "," 980,809.90 "," 1,157.00 ", 0.91 , 2.21 ," 5,826.00 "
6/30/2017," 19,506.95 ", 4.30 ," 146,583.00 ", 244.16 , 99.77 , 100.34 ," 465,130.00 "," 984,955.36 "," 1,249.00 ", 1.04 , 2.31 ," 6,305.00 "
7/31/2017," 19,660.77 ", 4.30 ," 146,772.00 ", 244.24 , 99.80 , 100.09 ," 465,089.00 "," 987,546.57 "," 1,206.00 ", 1.15 , 2.30 ," 6,238.00 "
8/31/2017," 19,660.77 ", 4.40 ," 146,919.00 ", 245.18 , 100.03 , 99.63 ," 466,020.00 "," 992,084.83 "," 1,159.00 ", 1.16 , 2.12 ," 6,276.00 "
9/30/2017," 19,660.77 ", 4.30 ," 147,007.00 ", 246.44 , 100.40 , 99.75 ," 475,724.00 "," 997,799.58 "," 1,181.00 ", 1.15 , 2.33 ," 6,320.00 "
10/31/2017," 19,882.35 ", 4.20 ," 147,150.00 ", 246.63 , 100.53 , 100.99 ," 476,107.00 "," 1,006,228.68 "," 1,257.00 ", 1.15 , 2.38 ," 6,408.00 "
11/30/2017," 19,882.35 ", 4.20 ," 147,373.00 ", 247.28 , 100.68 , 101.25 ," 480,949.00 "," 1,012,316.89 "," 1,273.00 ", 1.16 , 2.42 ," 6,271.00 "
12/31/2017," 19,882.35 ", 4.10 ," 147,523.00 ", 247.81 , 100.82 , 101.49 ," 483,586.00 "," 1,016,806.60 "," 1,177.00 ", 1.30 , 2.40 ," 6,336.00 "
1/31/2018," 20,044.08 ", 4.00 ," 147,660.00 ", 248.86 , 101.20 , 101.49 ," 481,414.00 "," 1,022,731.00 "," 1,299.00 ", 1.41 , 2.72 ," 6,621.00 "
2/28/2018," 20,044.08 ", 4.10 ," 148,054.00 ", 249.53 , 101.42 , 101.73 ," 484,031.00 "," 1,024,980.99 "," 1,277.00 ", 1.42 , 2.87 ," 6,552.00 "
3/31/2018," 20,044.08 ", 4.00 ," 148,280.00 ", 249.58 , 101.52 , 102.19 ," 484,110.00 "," 1,028,817.40 "," 1,318.00 ", 1.51 , 2.74 ," 6,818.00 "
4/30/2018," 20,150.48 ", 4.00 ," 148,422.00 ", 250.23 , 101.77 , 103.36 ," 484,154.00 "," 1,024,656.62 "," 1,276.00 ", 1.69 , 2.95 ," 6,877.00 "
5/31/2018," 20,150.48 ", 3.80 ," 148,740.00 ", 250.79 , 101.94 , 102.38 ," 491,960.00 "," 1,027,724.28 "," 1,357.00 ", 1.70 , 2.83 ," 7,016.00 "
6/30/2018," 20,150.48 ", 4.00 ," 148,959.00 ", 251.02 , 102.03 , 103.23 ," 490,228.00 "," 1,025,345.59 "," 1,192.00 ", 1.82 , 2.85 ," 7,230.00 "
7/31/2018," 20,276.15 ", 3.80 ," 149,020.00 ", 251.21 , 102.14 , 103.36 ," 493,142.00 "," 1,035,337.56 "," 1,208.00 ", 1.91 , 2.96 ," 7,190.00 "
8/31/2018," 20,276.15 ", 3.80 ," 149,279.00 ", 251.66 , 102.21 , 104.06 ," 493,445.00 "," 1,042,014.05 "," 1,288.00 ", 1.91 , 2.86 ," 7,208.00 "
9/30/2018," 20,276.15 ", 3.70 ," 149,358.00 ", 252.18 , 102.42 , 104.10 ," 491,507.00 "," 1,043,901.27 "," 1,250.00 ", 1.95 , 3.05 ," 7,411.00 "
10/31/2018," 20,304.87 ", 3.80 ," 149,526.00 ", 252.77 , 102.60 , 103.93 ," 496,416.00 "," 1,050,366.36 "," 1,221.00 ", 2.19 , 3.15 ," 7,304.00 "
11/30/2018," 20,304.87 ", 3.80 ," 149,617.00 ", 252.59 , 102.63 , 104.01 ," 498,854.00 "," 1,052,545.16 "," 1,181.00 ", 2.20 , 3.01 ," 7,594.00 "
12/31/2018," 20,304.87 ", 3.90 ," 149,809.00 ", 252.77 , 102.70 , 104.05 ," 489,113.00 "," 1,053,847.44 "," 1,095.00 ", 2.27 , 2.69 ," 7,489.00 "
1/31/2019," 20,431.64 ", 4.00 ," 150,059.00 ", 252.56 , 102.65 , 103.36 ," 490,440.00 "," 1,061,026.63 "," 1,226.00 ", 2.40 , 2.63 ," 7,502.00 "
2/28/2019," 20,431.64 ", 3.80 ," 150,065.00 ", 253.32 , 102.84 , 102.83 ," 491,751.00 "," 1,063,376.27 "," 1,121.00 ", 2.40 , 2.73 ," 7,066.00 "
3/31/2019," 20,431.64 ", 3.80 ," 150,295.00 ", 254.28 , 103.07 , 102.84 ," 499,292.00 "," 1,064,354.25 "," 1,191.00 ", 2.41 , 2.41 ," 7,317.00 "
4/30/2019," 20,602.28 ", 3.70 ," 150,593.00 ", 255.23 , 103.36 , 102.27 ," 499,343.00 "," 1,070,714.69 "," 1,272.00 ", 2.42 , 2.51 ," 7,272.00 "
5/31/2019," 20,602.28 ", 3.60 ," 150,621.00 ", 255.30 , 103.44 , 102.42 ," 504,741.00 "," 1,073,802.25 "," 1,293.00 ", 2.39 , 2.14 ," 7,275.00 "
6/30/2019," 20,602.28 ", 3.60 ," 150,839.00 ", 255.21 , 103.48 , 102.54 ," 505,251.00 "," 1,071,552.07 "," 1,243.00 ", 2.38 , 2.00 ," 7,194.00 "
7/31/2019," 20,843.32 ", 3.70 ," 150,936.00 ", 255.80 , 103.62 , 102.01 ," 509,091.00 "," 1,082,456.83 "," 1,240.00 ", 2.40 , 2.02 ," 7,042.00 "
8/31/2019," 20,843.32 ", 3.60 ," 151,171.00 ", 256.04 , 103.67 , 102.78 ," 512,561.00 "," 1,084,000.01 "," 1,375.00 ", 2.13 , 1.50 ," 7,178.00 "
9/30/2019," 20,843.32 ", 3.50 ," 151,365.00 ", 256.43 , 103.73 , 102.46 ," 509,282.00 "," 1,084,190.00 "," 1,311.00 ", 2.04 , 1.68 ," 7,124.00 "
10/31/2019," 20,985.45 ", 3.60 ," 151,460.00 ", 257.16 , 103.92 , 101.59 ," 510,648.00 "," 1,087,314.72 "," 1,325.00 ", 1.83 , 1.69 ," 7,289.00 "
11/30/2019," 20,985.45 ", 3.60 ," 151,668.00 ", 257.88 , 104.02 , 102.15 ," 514,215.00 "," 1,077,376.27 "," 1,353.00 ", 1.55 , 1.78 ," 6,888.00 "
12/31/2019," 20,985.45 ", 3.60 ," 151,795.00 ", 258.63 , 104.31 , 101.94 ," 515,866.00 "," 1,091,988.88 "," 1,548.00 ", 1.55 , 1.92 ," 6,699.00 "
1/31/2020," 20,709.21 ", 3.60 ," 152,031.00 ", 259.13 , 104.49 , 101.34 ," 515,119.00 "," 1,076,357.79 "," 1,581.00 ", 1.55 , 1.51 ," 7,124.00 "
2/29/2020," 20,709.21 ", 3.50 ," 152,292.00 ", 259.25 , 104.57 , 101.67 ," 515,330.00 "," 1,081,958.19 "," 1,549.00 ", 1.58 , 1.13 ," 6,966.00 "
3/31/2020," 20,709.21 ", 4.40 ," 150,895.00 ", 258.08 , 104.27 , 97.61 ," 468,324.00 "," 1,064,082.50 "," 1,266.00 ", 0.65 , 0.70 ," 5,894.00 "
4/30/2020," 19,077.99 ", 14.80 ," 130,424.00 ", 256.03 , 103.84 , 84.68 ," 401,028.00 "," 1,006,627.91 ", 936.00 , 0.05 , 0.64 ," 4,606.00 "
5/31/2020," 19,077.99 ", 13.20 ," 133,040.00 ", 255.80 , 103.94 , 86.01 ," 478,449.00 "," 981,248.20 "," 1,039.00 ", 0.05 , 0.65 ," 5,612.00 "
6/30/2020," 19,077.99 ", 11.00 ," 137,671.00 ", 257.04 , 104.27 , 91.67 ," 518,038.00 "," 973,899.96 "," 1,266.00 ", 0.08 , 0.66 ," 6,129.00 "
7/31/2020," 20,558.88 ", 10.20 ," 139,255.00 ", 258.35 , 104.58 , 95.00 ," 526,304.00 "," 971,278.70 "," 1,526.00 ", 0.09 , 0.55 ," 6,530.00 "
8/31/2020," 20,558.88 ", 8.40 ," 140,819.00 ", 259.32 , 104.87 , 95.93 ," 530,735.00 "," 961,509.24 "," 1,396.00 ", 0.10 , 0.72 ," 6,429.00 "
9/30/2020," 20,558.88 ", 7.80 ," 141,770.00 ", 260.00 , 105.06 , 95.89 ," 541,302.00 "," 964,464.42 "," 1,473.00 ", 0.09 , 0.69 ," 6,511.00 "
10/31/2020," 20,791.92 ", 6.90 ," 142,461.00 ", 260.32 , 105.15 , 96.53 ," 539,114.00 "," 961,074.18 "," 1,543.00 ", 0.09 , 0.88 ," 6,798.00 "
11/30/2020," 20,791.92 ", 6.70 ," 142,731.00 ", 260.91 , 105.26 , 96.95 ," 533,941.00 "," 953,306.86 "," 1,543.00 ", 0.09 , 0.84 ," 6,820.00 "
12/31/2020," 20,791.92 ", 6.70 ," 142,548.00 ", 262.05 , 105.70 , 98.20 ," 538,548.00 "," 954,603.43 "," 1,614.00 ", 0.09 , 0.93 ," 6,773.00 "
1/31/2021," 21,082.13 ", 6.40 ," 142,913.00 ", 262.64 , 106.15 , 98.81 ," 559,230.00 "," 951,790.91 "," 1,630.00 ", 0.09 , 1.11 ," 7,204.00 "
2/28/2021," 21,082.13 ", 6.20 ," 143,422.00 ", 263.57 , 106.50 , 95.51 ," 544,891.00 "," 955,872.65 "," 1,404.00 ", 0.08 , 1.44 ," 7,752.00 "
3/31/2021," 21,082.13 ", 6.10 ," 144,246.00 ", 264.85 , 107.05 , 98.19 ," 603,581.00 "," 954,267.40 "," 1,696.00 ", 0.07 , 1.74 ," 8,470.00 "
4/30/2021," 21,440.93 ", 6.10 ," 144,611.00 ", 266.63 , 107.62 , 98.33 ," 608,961.00 "," 953,948.77 "," 1,495.00 ", 0.07 , 1.65 ," 9,356.00 "
5/31/2021," 21,440.93 ", 5.80 ," 145,032.00 ", 268.40 , 108.18 , 99.19 ," 605,282.00 "," 961,471.41 "," 1,589.00 ", 0.06 , 1.58 ," 9,905.00 "
6/30/2021," 21,440.93 ", 5.90 ," 145,828.00 ", 270.71 , 108.76 , 99.65 ," 611,950.00 "," 986,122.27 "," 1,650.00 ", 0.08 , 1.45 ," 10,298.00 "
7/31/2021," 21,617.83 ", 5.40 ," 146,759.00 ", 271.97 , 109.26 , 100.07 ," 601,817.00 "," 990,643.76 "," 1,597.00 ", 0.10 , 1.24 ," 11,049.00 "
8/31/2021," 21,617.83 ", 5.10 ," 147,246.00 ", 272.75 , 109.67 , 100.04 ," 605,533.00 "," 994,001.28 "," 1,594.00 ", 0.09 , 1.30 ," 10,956.00 "
9/30/2021," 21,617.83 ", 4.70 ," 147,712.00 ", 273.94 , 110.03 , 99.00 ," 609,671.00 "," 1,005,332.86 "," 1,577.00 ", 0.08 , 1.52 ," 10,879.00 "
10/31/2021," 21,988.74 ", 4.50 ," 148,569.00 ", 276.53 , 110.76 , 100.35 ," 618,573.00 "," 1,013,373.01 "," 1,579.00 ", 0.08 , 1.55 ," 11,341.00 "
11/30/2021," 21,988.74 ", 4.20 ," 149,206.00 ", 278.82 , 111.50 , 101.27 ," 624,874.00 "," 1,025,886.27 "," 1,705.00 ", 0.08 , 1.43 ," 11,119.00 "
12/31/2021," 21,988.74 ", 3.90 ," 149,781.00 ", 280.81 , 112.19 , 101.19 ," 619,938.00 "," 1,033,546.93 "," 1,722.00 ", 0.08 , 1.52 ," 11,417.00 "
1/31/2022," 21,932.71 ", 4.00 ," 150,006.00 ", 282.54 , 112.81 , 101.21 ," 631,509.00 "," 1,043,732.38 "," 1,702.00 ", 0.08 , 1.79 ," 11,238.00 "
2/28/2022," 21,932.71 ", 3.80 ," 150,875.00 ", 284.53 , 113.47 , 101.85 ," 638,101.00 "," 1,055,211.13 "," 1,735.00 ", 0.08 , 1.83 ," 11,661.00 "
3/31/2022," 21,932.71 ", 3.70 ," 151,346.00 ", 287.47 , 114.47 , 102.67 ," 651,027.00 "," 1,079,329.43 "," 1,712.00 ", 0.20 , 2.32 ," 12,134.00 "
4/30/2022," 21,967.05 ", 3.70 ," 151,651.00 ", 288.58 , 114.81 , 102.90 ," 660,194.00 "," 1,092,969.86 "," 1,820.00 ", 0.33 , 2.89 ," 11,881.00 "
5/31/2022," 21,967.05 ", 3.60 ," 151,892.00 ", 291.30 , 115.53 , 102.97 ," 659,847.00 "," 1,101,405.35 "," 1,531.00 ", 0.77 , 2.85 ," 11,483.00 "
6/30/2022," 21,967.05 ", 3.60 ," 152,353.00 ", 295.07 , 116.64 , 102.82 ," 666,113.00 "," 1,120,580.97 "," 1,551.00 ", 1.21 , 2.98 ," 11,256.00 "
7/31/2022," 22,125.63 ", 3.50 ," 153,049.00 ", 294.94 , 116.63 , 103.05 ," 659,550.00 "," 1,130,232.19 "," 1,381.00 ", 1.68 , 2.67 ," 11,610.00 "
8/31/2022," 22,125.63 ", 3.60 ," 153,286.00 ", 295.16 , 116.96 , 103.17 ," 663,566.00 "," 1,144,559.23 "," 1,531.00 ", 2.33 , 3.15 ," 10,148.00 "
9/30/2022," 22,125.63 ", 3.50 ," 153,513.00 ", 296.42 , 117.37 , 103.53 ," 661,854.00 "," 1,154,880.25 "," 1,488.00 ", 2.56 , 3.83 ," 10,812.00 "
10/31/2022," 22,278.35 ", 3.60 ," 153,913.00 ", 297.98 , 117.92 , 103.44 ," 668,671.00 "," 1,166,450.12 "," 1,435.00 ", 3.08 , 4.10 ," 10,488.00 "
11/30/2022," 22,278.35 ", 3.60 ," 154,210.00 ", 298.71 , 118.22 , 103.11 ," 659,458.00 "," 1,182,560.52 "," 1,424.00 ", 3.78 , 3.68 ," 10,619.00 "
12/31/2022," 22,278.35 ", 3.50 ," 154,336.00 ", 298.81 , 118.38 , 101.83 ," 651,763.00 "," 1,192,639.70 "," 1,308.00 ", 4.10 , 3.88 ," 10,876.00 "
1/31/2023," 22,439.61 ", 3.50 ," 154,780.00 ", 300.46 , 119.02 , 102.75 ," 680,253.00 "," 1,200,988.21 "," 1,361.00 ", 4.33 , 3.52 ," 10,393.00 "
2/28/2023," 22,439.61 ", 3.60 ," 155,086.00 ", 301.48 , 119.37 , 102.80 ," 672,152.00 "," 1,205,244.71 "," 1,399.00 ", 4.57 , 3.92 ," 9,846.00 "
3/31/2023," 22,439.61 ", 3.50 ," 155,171.00 ", 301.64 , 119.54 , 102.81 ," 665,071.00 "," 1,222,516.80 "," 1,377.00 ", 4.65 , 3.48 ," 9,572.00 "
4/30/2023," 22,580.50 ", 3.40 ," 155,387.00 ", 302.86 , 119.95 , 103.22 ," 670,494.00 "," 1,234,457.79 "," 1,354.00 ", 4.83 , 3.44 ," 9,992.00 "
5/31/2023," 22,580.50 ", 3.60 ," 155,614.00 ", 303.32 , 120.15 , 102.98 ," 673,902.00 "," 1,241,882.10 "," 1,584.00 ", 5.06 , 3.64 ," 9,310.00 "
6/30/2023," 22,580.50 ", 3.60 ," 155,871.00 ", 304.10 , 120.47 , 102.38 ," 677,117.00 "," 1,247,752.93 "," 1,421.00 ", 5.08 , 3.81 ," 9,191.00 "
7/31/2023," 22,840.99 ", 3.50 ," 156,019.00 ", 304.62 , 120.61 , 103.07 ," 678,424.00 "," 1,256,257.38 "," 1,460.00 ", 5.12 , 3.97 ," 8,606.00 "
8/31/2023," 22,840.99 ", 3.70 ," 156,176.00 ", 306.14 , 120.97 , 103.10 ," 684,755.00 "," 1,270,866.98 "," 1,317.00 ", 5.33 , 4.09 ," 9,287.00 "
9/30/2023," 22,840.99 ", 3.80 ," 156,334.00 ", 307.37 , 121.42 , 103.31 ," 689,403.00 "," 1,276,945.10 "," 1,371.00 ", 5.33 , 4.59 ," 9,279.00 "
10/31/2023," 23,033.78 ", 3.90 ," 156,520.00 ", 307.65 , 121.48 , 102.58 ," 686,148.00 "," 1,280,719.35 "," 1,368.00 ", 5.33 , 4.88 ," 8,550.00 "
11/30/2023," 23,033.78 ", 3.70 ," 156,661.00 ", 308.09 , 121.49 , 102.89 ," 685,328.00 "," 1,299,363.55 "," 1,514.00 ", 5.33 , 4.37 ," 8,663.00 "
12/31/2023," 23,033.78 ", 3.80 ," 156,930.00 ", 308.74 , 121.66 , 102.63 ," 686,277.00 "," 1,298,865.88 "," 1,521.00 ", 5.33 , 3.88 ," 8,585.00 "
1/31/2024," 23,082.12 ", 3.70 ," 157,049.00 ", 309.79 , 122.23 , 101.48 ," 680,456.00 "," 1,310,033.68 "," 1,381.00 ", 5.33 , 3.99 ," 8,468.00 "
2/29/2024," 23,082.12 ", 3.90 ," 157,271.00 ", 311.02 , 122.60 , 102.73 ," 685,280.00 "," 1,320,172.67 "," 1,552.00 ", 5.33 , 4.25 ," 8,445.00 "
3/31/2024," 23,082.12 ", 3.90 ," 157,517.00 ", 312.11 , 123.04 , 102.52 ," 687,641.00 "," 1,322,156.83 "," 1,312.00 ", 5.33 , 4.20 ," 8,093.00 "
4/30/2024," 23,286.51 ", 3.90 ," 157,635.00 ", 313.02 , 123.34 , 102.36 ," 687,602.00 "," 1,324,875.93 "," 1,385.00 ", 5.33 , 4.69 ," 7,619.00 "
5/31/2024," 23,286.51 ", 4.00 ," 157,828.00 ", 313.14 , 123.35 , 102.98 ," 692,774.00 "," 1,331,663.85 "," 1,316.00 ", 5.33 , 4.51 ," 7,901.00 "
6/30/2024," 23,286.51 ", 4.10 ," 157,915.00 ", 313.13 , 123.54 , 103.25 ," 692,449.00 "," 1,330,645.56 "," 1,327.00 ", 5.33 , 4.36 ," 7,412.00 "
7/31/2024," 23,478.57 ", 4.20 ," 158,003.00 ", 313.57 , 123.74 , 102.52 ," 698,835.00 "," 1,338,290.47 "," 1,265.00 ", 5.33 , 4.09 ," 7,504.00 "
8/31/2024," 23,478.57 ", 4.20 ," 158,074.00 ", 314.13 , 123.89 , 103.02 ," 697,157.00 "," 1,338,716.84 "," 1,391.00 ", 5.33 , 3.91 ," 7,649.00 "
9/30/2024," 23,478.57 ", 4.10 ," 158,314.00 ", 314.85 , 124.16 , 102.60 ," 703,079.00 "," 1,341,182.02 "," 1,357.00 ", 5.13 , 3.81 ," 7,103.00 "
10/31/2024," 23,586.54 ", 4.10 ," 158,358.00 ", 315.56 , 124.49 , 102.21 ," 707,613.00 "," 1,350,299.53 "," 1,352.00 ", 4.83 , 4.28 ," 7,615.00 "
11/30/2024," 23,586.54 ", 4.20 ," 158,619.00 ", 316.45 , 124.64 , 101.95 ," 712,145.00 "," 1,339,076.22 "," 1,295.00 ", 4.64 , 4.18 ," 8,031.00 "
12/31/2024," 23,586.54 ", 4.10 ," 158,942.00 ", 317.60 , 124.98 , 103.04 ," 717,662.00 "," 1,296,965.61 "," 1,514.00 ", 4.48 , 4.58 ," 7,508.00 "
1/31/2025," 23,548.21 ", 4.00 ," 159,053.00 ", 319.09 , 125.42 , 102.88 ," 711,461.00 "," 1,304,256.73 "," 1,358.00 ", 4.33 , 4.58 ," 7,762.00 "
2/28/2025," 23,548.21 ", 4.10 ," 159,155.00 ", 319.78 , 125.92 , 103.87 ," 711,757.00 "," 1,305,490.61 "," 1,490.00 ", 4.33 , 4.24 ," 7,480.00 "
3/31/2025," 23,548.21 ", 4.20 ," 159,275.00 ", 319.62 , 125.94 , 103.54 ," 722,572.00 "," 1,294,474.41 "," 1,355.00 ", 4.33 , 4.23 ," 7,200.00 "
4/30/2025," 23,770.98 ", 4.20 ," 159,433.00 ", 320.32 , 126.15 , 103.62 ," 721,789.00 "," 1,301,499.91 "," 1,398.00 ", 4.33 , 4.17 ," 7,395.00 "
5/31/2025," 23,770.98 ", 4.20 ," 159,452.00 ", 320.58 , 126.38 , 103.66 ," 716,101.00 "," 1,300,223.95 "," 1,282.00 ", 4.33 , 4.41 ," 7,712.00 "
6/30/2025," 23,770.98 ", 4.10 ," 159,439.00 ", 321.50 , 126.74 , 104.21 ," 723,033.00 "," 1,300,321.06 "," 1,382.00 ", 4.33 , 4.24 ," 7,357.00 "
7/31/2025," 23,770.98 ", 4.20 ," 159,518.00 ", 322.13 , 126.95 , 103.82 ," 727,414.00 "," 1,311,491.90 "," 1,429.00 ", 4.33 , 4.37 ," 7,208.00 "
8/31/2025," 23,770.98 ", 4.30 ," 159,540.00 ", 323.36 , 127.29 , 103.92 ," 732,010.00 "," 1,305,533.90 "," 1,307.00 ", 4.33 , 4.23 ," 7,227.00 "
9/30/2025," 23,770.98 ", 4.30 ," 159,540.00 ", 323.36 , 127.29 , 103.92 ," 732,010.00 "," 1,305,533.90 "," 1,307.00 ", 4.22 , 4.16 ," 7,227.00 "
10/31/2025," 23,770.98 ", 4.30 ," 159,540.00 ", 323.36 , 127.29 , 103.92 ," 732,010.00 "," 1,305,533.90 "," 1,307.00 ", 4.22 , 3.97 ," 7,227.00 "
